Conventions,G,BADC-CSV,1
title,G,uk-daily-temperature-obs
source,G,Met Office MIDAS database
creator,G,Met Office
activity,G,Met Office MIDAS Open: UK Land Surface Stations Data
feature_type,G,point series
collection_name,G,midas-open
collection_version_number,G,dataset-version-201908
history,G,Created 2019-08-20
last_revised_date,G,2019-08-20
observation_station,G,bracknell-beaufort-park
historic_county_name,G,berkshire
midas_station_id,G,00838
location,G,51.39,-0.786
height,G,74,m
date_valid,G,1991-01-01 00:00:00,1991-12-31 23:59:59
midas_qc_version_number,G,1
comments,G,The midas_qc_version_number indicates if the data are original received message (0) or current best version (1)
comments,G,This file contains station observations
comments,G,missing values are identified with the missing data flag
missing_value,G,NA
coordinate_variable,ob_end_time,t
long_name,ob_end_time,Date and time at end of observation,s
type,ob_end_time,char
comments,ob_end_time,Date and time (YYYY-MM-DD HH:MM:SS) at the end of the observation period
comments,ob_end_time,Use ob_end_time in conjunction with ob_hour_count to determine the period over which the observation relates.
comments,ob_end_time,Common periods include 12 hour observations ending at 0900 or 2100 or 24 hour observations ending at 0900.
long_name,id_type,identifier type,1
type,id_type,char
comments,id_type,a station may have more than one id assigned to it defined by id_type
long_name,id,station identifier,1
type,id,char
comments,id,a station may have more than one id assigned to it 
long_name,ob_hour_count,observation hour count,hours
type,ob_hour_count,int
comments,ob_hour_count,number of hours the observation period spans
long_name,version_num,midas qc version number,1
type,version_num,int
comments,version_num,The midas_qc_version_number indicates if the data are original received message (0) or current best version (1)
long_name,met_domain_name,message type,1
type,met_domain_name,char
comments,met_domain_name,message type (see MIDAS documentation)
long_name,src_id,unique MIDAS source identifier,1
type,src_id,int
long_name,rec_st_ind,state indicator for the record,1
type,rec_st_ind,int
comments,rec_st_ind,state indicator for the current stage in the life of the record (see MIDAS documentation)
long_name,max_air_temp,maximum air temperature,degC
type,max_air_temp,float
comments,max_air_temp,maximum air temperature recorded during the observation period
long_name,min_air_temp,minimum air temperature,degC
type,min_air_temp,float
comments,min_air_temp,minimum air temperature recorded during the observation period
long_name,min_grss_temp,minimum grass temperature, degC
type,min_grss_temp,float
comments,min_grss_temp,minimum grass temperature recorded during the observation period
long_name,min_conc_temp,minimum concrete temperature, degC
type,min_conc_temp,float
comments,min_conc_temp,minimum concrete temperature recorded during the observation period
long_name,max_air_temp_q,maximum air temperature qc code,1
type,max_air_temp_q,int
comments,max_air_temp_q,maximum air temperature qc code (see MIDAS documentation)
long_name,min_air_temp_q,minimum air temperature qc code,1
type,min_air_temp_q,int
comments,min_air_temp_q,minimum air temperature qc code (see MIDAS documentation)
long_name,min_grss_temp_q,minimum grass temperature qc code,1
type,min_grss_temp_q,int
comments,min_grss_temp_q,minimum grass temperature qc code (see MIDAS documentation)
long_name,min_conc_temp_q,minimum concrete temperature qc code,1
type,min_conc_temp_q,int
comments,min_conc_temp_q,minimum concrete temperature qc code (see MIDAS documentation)
long_name,max_air_temp_j,maximum air temperature descriptor code,1
type,max_air_temp_j,int
comments,max_air_temp_j,maximum air temperature descriptor code (see MIDAS documentation)
long_name,min_air_temp_j,minimum air temperature descriptor code,1
type,min_air_temp_j,int
comments,min_air_temp_j,minimum air temperature descriptor code (see MIDAS documentation)
long_name,min_grss_temp_j,minimum grass temperature descriptor code,1
type,min_grss_temp_j,int
comments,min_grss_temp_j,minimum grass temperature descriptor code (see MIDAS documentation)
long_name,min_conc_temp_j,minimum concrete temperature descriptor code,1
type,min_conc_temp_j,int
comments,min_conc_temp_j,minimum concrete temperature descriptor code (see MIDAS documentation)
long_name,meto_stmp_time,Met Office receipt stamp time,s
type,meto_stmp_time,char
comments,meto_stmp_time,Met Office receipt stamp time as YYYY-MM-DD HH:MM:SS
long_name,midas_stmp_etime,elapsed time to storage in MIDAS,minutes
type,midas_stmp_etime,int
comments,midas_stmp_etime,elapsed time to storage in MIDAS in minutes
data
ob_end_time,id_type,id,ob_hour_count,version_num,met_domain_name,src_id,rec_st_ind,max_air_temp,min_air_temp,min_grss_temp,min_conc_temp,max_air_temp_q,min_air_temp_q,min_grss_temp_q,min_conc_temp_q,max_air_temp_j,min_air_temp_j,min_grss_temp_j,min_conc_temp_j,meto_stmp_time,midas_stmp_etime
1991-01-01 09:00:00,DCNN,5592,24,1,NCM,838,1001,9,1.2,-1.4,-1.7,9,9,9,9,NA,NA,NA,NA,NA,NA
1991-01-02 09:00:00,DCNN,5592,24,1,NCM,838,1001,12.5,2,NA,7.3,9,109,109,109,NA,NA,NA,NA,NA,NA
1991-01-03 09:00:00,DCNN,5592,24,1,NCM,838,1001,12.5,5.6,3,3,9,9,9,9,NA,NA,NA,NA,NA,NA
1991-01-04 09:00:00,DCNN,5592,24,1,NCM,838,1001,8.8,3.1,0.6,-0.1,9,9,9,9,NA,NA,NA,NA,NA,NA
1991-01-05 09:00:00,DCNN,5592,24,1,NCM,838,1001,9,2.4,0,-0.3,9,9,9,9,NA,NA,NA,NA,NA,NA
1991-01-06 09:00:00,DCNN,5592,24,1,NCM,838,1001,9.5,2.6,0.8,0.6,9,9,9,9,NA,NA,NA,NA,NA,NA
1991-01-07 09:00:00,DCNN,5592,24,1,NCM,838,1001,8.1,3.7,1,1.8,9,9,9,9,NA,NA,NA,NA,NA,NA
1991-01-08 09:00:00,DCNN,5592,24,1,NCM,838,1001,8.2,4,1.2,1,9,9,9,9,NA,NA,NA,NA,NA,NA
1991-01-09 09:00:00,DCNN,5592,24,1,NCM,838,1001,10.5,2.5,0.1,0,9,9,9,9,NA,NA,NA,NA,NA,NA
1991-01-10 09:00:00,DCNN,5592,24,1,NCM,838,1001,11,5.1,5.1,5.3,9,9,9,9,NA,NA,NA,NA,NA,NA
1991-01-11 09:00:00,DCNN,5592,24,1,NCM,838,1001,8.8,4.4,1.8,1.4,9,9,9,9,NA,NA,NA,NA,NA,NA
1991-01-12 09:00:00,DCNN,5592,24,1,NCM,838,1001,6.6,-0.6,-3.1,-2.7,9,9,9,9,NA,NA,NA,NA,NA,NA
1991-01-13 09:00:00,DCNN,5592,24,1,NCM,838,1001,5.3,-4.2,-8.1,-7.5,9,9,9,9,NA,NA,NA,NA,NA,NA
1991-01-14 09:00:00,DCNN,5592,24,1,NCM,838,1001,4.3,-4.1,-7.2,-6.9,9,9,9,9,NA,NA,NA,NA,NA,NA
1991-01-15 09:00:00,DCNN,5592,24,1,NCM,838,1001,4.7,-1.9,-5.4,-5.1,9,9,9,9,NA,NA,NA,NA,NA,NA
1991-01-16 09:00:00,DCNN,5592,24,1,NCM,838,1001,4.2,-3.2,-6.5,-5.7,9,9,9,9,NA,NA,NA,NA,NA,NA
1991-01-17 09:00:00,DCNN,5592,24,1,NCM,838,1001,6.7,-0.9,-1.4,-1.5,9,9,9,9,NA,NA,NA,NA,NA,NA
1991-01-18 09:00:00,DCNN,5592,24,1,NCM,838,1001,8,5.6,5.4,5,9,9,9,9,NA,NA,NA,NA,NA,NA
1991-01-19 09:00:00,DCNN,5592,24,1,NCM,838,1001,8.4,1.2,-2,-1.5,9,9,9,9,NA,NA,NA,NA,NA,NA
1991-01-20 09:00:00,DCNN,5592,24,1,NCM,838,1001,8,1.8,-0.5,0.3,9,9,9,9,NA,NA,NA,NA,NA,NA
1991-01-21 09:00:00,DCNN,5592,24,1,NCM,838,1001,9.5,5.4,0.3,1.9,9,9,9,9,NA,NA,NA,NA,NA,NA
1991-01-22 09:00:00,DCNN,5592,24,1,NCM,838,1001,8.7,-2.3,-5.3,-4.8,9,9,9,9,NA,NA,NA,NA,NA,NA
1991-01-23 09:00:00,DCNN,5592,24,1,NCM,838,1001,5.2,1.6,-0.7,0.3,9,9,9,9,NA,NA,NA,NA,NA,NA
1991-01-24 09:00:00,DCNN,5592,24,1,NCM,838,1001,5.3,-2.7,-6.3,-4.7,9,9,9,9,NA,NA,NA,NA,NA,NA
1991-01-25 09:00:00,DCNN,5592,24,1,NCM,838,1001,3.7,0,0,0.2,9,9,9,9,NA,NA,NA,NA,NA,NA
1991-01-26 09:00:00,DCNN,5592,24,1,NCM,838,1001,2,0.5,0.4,0.6,9,9,9,9,NA,NA,NA,NA,NA,NA
1991-01-27 09:00:00,DCNN,5592,24,1,NCM,838,1001,2.8,0.6,0.6,0.6,9,9,9,9,NA,NA,NA,NA,NA,NA
1991-01-28 09:00:00,DCNN,5592,24,1,NCM,838,1001,3,1.5,1.2,1,9,9,9,9,NA,NA,NA,NA,NA,NA
1991-01-29 09:00:00,DCNN,5592,24,1,NCM,838,1001,3.7,0.5,-0.1,0.1,9,9,9,9,NA,NA,NA,NA,NA,NA
1991-01-30 09:00:00,DCNN,5592,24,1,NCM,838,1001,1.1,-0.1,-0.7,-0.6,9,9,9,9,NA,NA,NA,NA,NA,NA
1991-01-31 09:00:00,DCNN,5592,24,1,NCM,838,1001,1.3,-0.2,-0.8,-0.8,9,9,9,9,NA,NA,NA,NA,NA,NA
1991-02-01 09:00:00,DCNN,5592,24,1,NCM,838,1001,2.5,-1.3,-3.5,-3,9,9,9,9,NA,NA,NA,NA,NA,NA
1991-02-02 09:00:00,DCNN,5592,24,1,NCM,838,1001,4.8,-3.3,-6.4,-5.7,9,9,9,9,NA,NA,NA,NA,NA,NA
1991-02-03 09:00:00,DCNN,5592,24,1,NCM,838,1001,3.6,-4.2,-8.1,-7.3,9,9,9,9,NA,NA,NA,NA,NA,NA
1991-02-04 09:00:00,DCNN,5592,24,1,NCM,838,1001,1.7,-5,-8.3,-7.2,9,9,9,9,NA,NA,NA,NA,NA,NA
1991-02-05 09:00:00,DCNN,5592,24,1,NCM,838,1001,2.7,-3.3,-6.9,-5.3,9,9,9,9,NA,NA,NA,NA,NA,NA
1991-02-06 09:00:00,DCNN,5592,24,1,NCM,838,1001,1.9,-3.2,-8.5,-6.9,9,9,9,9,NA,NA,NA,NA,NA,NA
1991-02-07 09:00:00,DCNN,5592,24,1,NCM,838,1001,-0.8,-8.8,-9.7,-8.8,9,9,9,9,NA,NA,NA,NA,NA,NA
1991-02-08 09:00:00,DCNN,5592,24,1,NCM,838,1001,-4.4,-7.6,-5.7,-4.8,9,109,109,109,NA,NA,NA,NA,NA,NA
1991-02-09 09:00:00,DCNN,5592,24,1,NCM,838,1001,-3,-8.8,-16.6,-11.7,9,9,9,9,NA,NA,NA,NA,NA,NA
1991-02-10 09:00:00,DCNN,5592,24,1,NCM,838,1001,-3.4,-10.1,-16.9,-13,9,9,9,9,NA,NA,NA,NA,NA,NA
1991-02-11 09:00:00,DCNN,5592,24,1,NCM,838,1001,0.9,-5.5,-8.9,-7,9,9,9,9,NA,NA,NA,NA,NA,NA
1991-02-12 09:00:00,DCNN,5592,24,1,NCM,838,1001,1.4,-7.3,-13.5,-11.2,9,9,9,9,NA,NA,NA,NA,NA,NA
1991-02-13 09:00:00,DCNN,5592,24,1,NCM,838,1001,2,-4.5,-6,-3.5,9,9,9,9,NA,NA,NA,NA,NA,NA
1991-02-14 09:00:00,DCNN,5592,24,1,NCM,838,1001,2.1,-5.8,-10.1,-8.8,9,9,9,9,NA,NA,NA,NA,NA,NA
1991-02-15 09:00:00,DCNN,5592,24,1,NCM,838,1001,5.8,-4.4,-4.6,-3.5,9,9,9,9,NA,NA,NA,NA,NA,NA
1991-02-16 09:00:00,DCNN,5592,24,1,NCM,838,1001,8.3,-1.9,-5,-4.7,9,9,9,9,NA,NA,NA,NA,NA,NA
1991-02-17 09:00:00,DCNN,5592,24,1,NCM,838,1001,5.9,-0.5,-1.2,-1,9,9,9,9,NA,NA,NA,NA,NA,NA
1991-02-18 09:00:00,DCNN,5592,24,1,NCM,838,1001,5.6,-1.7,-5.7,-4.2,9,9,9,9,NA,NA,NA,NA,NA,NA
1991-02-19 09:00:00,DCNN,5592,24,1,NCM,838,1001,5.5,-5.2,-10.4,-7.8,9,9,9,9,NA,NA,NA,NA,NA,NA
1991-02-20 09:00:00,DCNN,5592,24,1,NCM,838,1001,4.3,-3.3,-6.1,-5,9,9,9,9,NA,NA,NA,NA,NA,NA
1991-02-21 09:00:00,DCNN,5592,24,1,NCM,838,1001,6.5,4.1,5,4.7,9,9,9,9,NA,NA,NA,NA,NA,NA
1991-02-22 09:00:00,DCNN,5592,24,1,NCM,838,1001,7.3,2.4,0.1,-0.5,9,9,9,9,NA,NA,NA,NA,NA,NA
1991-02-23 09:00:00,DCNN,5592,24,1,NCM,838,1001,11,5.2,7,6.8,9,109,109,9,NA,NA,NA,NA,NA,NA
1991-02-24 09:00:00,DCNN,5592,24,1,NCM,838,1001,11.6,8.8,8.1,7.8,9,9,9,9,NA,NA,NA,NA,NA,NA
1991-02-25 09:00:00,DCNN,5592,24,1,NCM,838,1001,11.3,0.3,-2.3,-1.1,9,9,9,9,NA,NA,NA,NA,NA,NA
1991-02-26 09:00:00,DCNN,5592,24,1,NCM,838,1001,11.8,1.9,NA,6.2,9,109,109,109,NA,NA,NA,NA,NA,NA
1991-02-27 09:00:00,DCNN,5592,24,1,NCM,838,1001,10.2,2.9,-1.5,0.1,9,9,9,9,NA,NA,NA,NA,NA,NA
1991-02-28 09:00:00,DCNN,5592,24,1,NCM,838,1001,8.1,0.8,-1.6,-1,9,9,9,9,NA,NA,NA,NA,NA,NA
1991-03-01 09:00:00,DCNN,5592,24,1,NCM,838,1001,8.1,-1.6,-5,-4.4,9,9,9,9,NA,NA,NA,NA,NA,NA
1991-03-02 09:00:00,DCNN,5592,24,1,NCM,838,1001,8,-1.7,-5.5,-4.1,9,9,9,9,NA,NA,NA,NA,NA,NA
1991-03-03 09:00:00,DCNN,5592,24,1,NCM,838,1001,6.9,3,0.8,0.7,9,9,9,9,NA,NA,NA,NA,NA,NA
1991-03-04 09:00:00,DCNN,5592,24,1,NCM,838,1001,11.7,3.6,-1.3,0.1,9,9,9,9,NA,NA,NA,NA,NA,NA
1991-03-05 09:00:00,DCNN,5592,24,1,NCM,838,1001,10.4,5.8,5.2,4.8,9,9,9,9,NA,NA,NA,NA,NA,NA
1991-03-06 09:00:00,DCNN,5592,24,1,NCM,838,1001,10.4,7.7,7.3,7.3,9,9,9,9,NA,NA,NA,NA,NA,NA
1991-03-07 09:00:00,DCNN,5592,24,1,NCM,838,1001,14.5,8.2,7.5,7.9,9,9,9,9,NA,NA,NA,NA,NA,NA
1991-03-08 09:00:00,DCNN,5592,24,1,NCM,838,1001,15.1,8,5,4.8,9,9,9,9,NA,NA,NA,NA,NA,NA
1991-03-09 09:00:00,DCNN,5592,24,1,NCM,838,1001,13,8.2,7.6,7.6,9,9,9,9,NA,NA,NA,NA,NA,NA
1991-03-10 09:00:00,DCNN,5592,24,1,NCM,838,1001,10.7,7.5,5.2,5.5,9,9,9,9,NA,NA,NA,NA,NA,NA
1991-03-11 09:00:00,DCNN,5592,24,1,NCM,838,1001,10.4,7.9,7.4,7.6,9,9,9,9,NA,NA,NA,NA,NA,NA
1991-03-12 09:00:00,DCNN,5592,24,1,NCM,838,1001,11.7,8.8,8.5,8.6,9,9,9,9,NA,NA,NA,NA,NA,NA
1991-03-13 09:00:00,DCNN,5592,24,1,NCM,838,1001,12.2,2.8,0.1,1.5,9,9,9,9,NA,NA,NA,NA,NA,NA
1991-03-14 09:00:00,DCNN,5592,24,1,NCM,838,1001,18.5,4.2,0,1.8,9,9,9,9,NA,NA,NA,NA,NA,NA
1991-03-15 09:00:00,DCNN,5592,24,1,NCM,838,1001,13.8,7.3,5.1,6.3,9,9,9,9,NA,NA,NA,NA,NA,NA
1991-03-16 09:00:00,DCNN,5592,24,1,NCM,838,1001,10.8,7.6,8.6,8.6,9,109,109,9,NA,NA,NA,NA,NA,NA
1991-03-17 09:00:00,DCNN,5592,24,1,NCM,838,1001,12.1,7.5,6.2,6.3,9,9,9,9,NA,NA,NA,NA,NA,NA
1991-03-18 09:00:00,DCNN,5592,24,1,NCM,838,1001,10.4,2.7,-1.4,-0.3,9,9,9,9,NA,NA,NA,NA,NA,NA
1991-03-19 09:00:00,DCNN,5592,24,1,NCM,838,1001,12,7.6,8.3,8.5,9,9,9,9,NA,NA,NA,NA,NA,NA
1991-03-20 09:00:00,DCNN,5592,24,1,NCM,838,1001,15.1,9.9,8.3,8.5,9,9,9,9,NA,NA,NA,NA,NA,NA
1991-03-21 09:00:00,DCNN,5592,24,1,NCM,838,1001,11.8,7,4.5,4.7,9,9,9,9,NA,NA,NA,NA,NA,NA
1991-03-22 09:00:00,DCNN,5592,24,1,NCM,838,1001,13.2,-1,-4.1,-3.4,9,9,9,9,NA,NA,NA,NA,NA,NA
1991-03-23 09:00:00,DCNN,5592,24,1,NCM,838,1001,10.3,-0.9,-3,-2.3,9,9,9,9,NA,NA,NA,NA,NA,NA
1991-03-24 09:00:00,DCNN,5592,24,1,NCM,838,1001,9.4,-2.6,-5.8,-5.1,9,9,9,9,NA,NA,NA,NA,NA,NA
1991-03-25 09:00:00,DCNN,5592,24,1,NCM,838,1001,9.7,2.7,-0.2,0.6,9,9,9,9,NA,NA,NA,NA,NA,NA
1991-03-26 09:00:00,DCNN,5592,24,1,NCM,838,1001,10.6,4.6,3,3.4,9,9,9,9,NA,NA,NA,NA,NA,NA
1991-03-27 09:00:00,DCNN,5592,24,1,NCM,838,1001,7.6,-1.5,-6.3,-4.3,9,9,9,9,NA,NA,NA,NA,NA,NA
1991-03-28 09:00:00,DCNN,5592,24,1,NCM,838,1001,13.1,-0.6,-5.3,-3.3,9,9,9,9,NA,NA,NA,NA,NA,NA
1991-03-29 09:00:00,DCNN,5592,24,1,NCM,838,1001,13.6,5.2,4.1,4.8,9,9,9,9,NA,NA,NA,NA,NA,NA
1991-03-30 09:00:00,DCNN,5592,24,1,NCM,838,1001,11,-3.5,-9,-6.4,9,9,9,9,NA,NA,NA,NA,NA,NA
1991-03-31 09:00:00,DCNN,5592,24,1,NCM,838,1001,13.2,1.6,0.4,2.2,9,9,9,9,NA,NA,NA,NA,NA,NA
1991-04-01 09:00:00,DCNN,5592,24,1,NCM,838,1001,15.7,6.2,3,4.4,9,9,9,9,NA,NA,NA,NA,NA,NA
1991-04-02 09:00:00,DCNN,5592,24,1,NCM,838,1001,11.3,8.5,8.5,8.5,9,9,9,9,NA,NA,NA,NA,NA,NA
1991-04-03 09:00:00,DCNN,5592,24,1,NCM,838,1001,10.5,3.5,0.5,0.8,9,9,9,9,NA,NA,NA,NA,NA,NA
1991-04-04 09:00:00,DCNN,5592,24,1,NCM,838,1001,12.8,5.8,3.2,3.4,9,9,9,9,NA,NA,NA,NA,NA,NA
1991-04-05 09:00:00,DCNN,5592,24,1,NCM,838,1001,11.1,4.7,1.9,2.1,9,9,9,9,NA,NA,NA,NA,NA,NA
1991-04-06 09:00:00,DCNN,5592,24,1,NCM,838,1001,10.6,2.6,-0.4,-0.2,9,9,9,9,NA,NA,NA,NA,NA,NA
1991-04-07 09:00:00,DCNN,5592,24,1,NCM,838,1001,9.7,6.1,3.4,3.2,9,9,9,9,NA,NA,NA,NA,NA,NA
1991-04-08 09:00:00,DCNN,5592,24,1,NCM,838,1001,12.3,6.8,3.1,4,9,9,9,9,NA,NA,NA,NA,NA,NA
1991-04-09 09:00:00,DCNN,5592,24,1,NCM,838,1001,14.5,4.9,-0.4,1.6,9,9,9,9,NA,NA,NA,NA,NA,NA
1991-04-10 09:00:00,DCNN,5592,24,1,NCM,838,1001,13.1,6.2,3.8,4.6,9,9,9,9,NA,NA,NA,NA,NA,NA
1991-04-11 09:00:00,DCNN,5592,24,1,NCM,838,1001,18,9.5,6.1,6.8,9,9,9,9,NA,NA,NA,NA,NA,NA
1991-04-12 09:00:00,DCNN,5592,24,1,NCM,838,1001,18.2,7.7,5.8,7.5,9,9,9,9,NA,NA,NA,NA,NA,NA
1991-04-13 09:00:00,DCNN,5592,24,1,NCM,838,1001,19.9,6.5,1.6,3.2,9,9,9,9,NA,NA,NA,NA,NA,NA
1991-04-14 09:00:00,DCNN,5592,24,1,NCM,838,1001,17.8,5,3.5,4.5,9,9,9,9,NA,NA,NA,NA,NA,NA
1991-04-15 09:00:00,DCNN,5592,24,1,NCM,838,1001,12,6,5,6.2,9,9,9,9,NA,NA,NA,NA,NA,NA
1991-04-16 09:00:00,DCNN,5592,24,1,NCM,838,1001,15.1,2.3,-3.7,-0.2,9,9,9,9,NA,NA,NA,NA,NA,NA
1991-04-17 09:00:00,DCNN,5592,24,1,NCM,838,1001,11.4,0,-2.6,-1.6,9,9,9,9,NA,NA,NA,NA,NA,NA
1991-04-18 09:00:00,DCNN,5592,24,1,NCM,838,1001,8.1,-0.2,-6.3,-3.5,9,9,9,9,NA,NA,NA,NA,NA,NA
1991-04-19 09:00:00,DCNN,5592,24,1,NCM,838,1001,8.7,0.1,-1.8,-0.7,9,9,9,9,NA,NA,NA,NA,NA,NA
1991-04-20 09:00:00,DCNN,5592,24,1,NCM,838,1001,9.4,0.2,-1.4,-0.9,9,9,9,9,NA,NA,NA,NA,NA,NA
1991-04-21 09:00:00,DCNN,5592,24,1,NCM,838,1001,7.6,-2.3,-6.5,-4.4,9,9,9,9,NA,NA,NA,NA,NA,NA
1991-04-22 09:00:00,DCNN,5592,24,1,NCM,838,1001,10.5,4,-0.2,1.7,9,9,9,9,NA,NA,NA,NA,NA,NA
1991-04-23 09:00:00,DCNN,5592,24,1,NCM,838,1001,11.4,-1.9,-6,-4.2,9,9,9,9,NA,NA,NA,NA,NA,NA
1991-04-24 09:00:00,DCNN,5592,24,1,NCM,838,1001,12,5.1,3.2,4.5,9,9,9,9,NA,NA,NA,NA,NA,NA
1991-04-25 09:00:00,DCNN,5592,24,1,NCM,838,1001,13.5,5.1,-0.5,2.9,9,9,9,9,NA,NA,NA,NA,NA,NA
1991-04-26 09:00:00,DCNN,5592,24,1,NCM,838,1001,10.6,2.6,-2,0.6,9,9,9,9,NA,NA,NA,NA,NA,NA
1991-04-27 09:00:00,DCNN,5592,24,1,NCM,838,1001,14.9,0.2,-5,-2.3,9,9,9,9,NA,NA,NA,NA,NA,NA
1991-04-28 09:00:00,DCNN,5592,24,1,NCM,838,1001,14.2,-0.2,-5.2,-2.6,9,9,9,9,NA,NA,NA,NA,NA,NA
1991-04-29 09:00:00,DCNN,5592,24,1,NCM,838,1001,13.6,3.8,-1.5,2.2,9,9,9,9,NA,NA,NA,NA,NA,NA
1991-04-30 09:00:00,DCNN,5592,24,1,NCM,838,1001,9.2,6.1,6.5,6.6,9,9,9,9,NA,NA,NA,NA,NA,NA
1991-05-01 09:00:00,DCNN,5592,24,1,NCM,838,1001,8.6,4.5,2.2,3,9,9,9,9,NA,NA,NA,NA,NA,NA
1991-05-02 09:00:00,DCNN,5592,24,1,NCM,838,1001,10,-0.8,-4.2,-3.4,9,9,9,9,NA,NA,NA,NA,NA,NA
1991-05-03 09:00:00,DCNN,5592,24,1,NCM,838,1001,11.3,2.1,-2.5,-0.3,9,9,9,9,NA,NA,NA,NA,NA,NA
1991-05-04 09:00:00,DCNN,5592,24,1,NCM,838,1001,11.2,4.7,5.1,5.2,9,9,9,9,NA,NA,NA,NA,NA,NA
1991-05-05 09:00:00,DCNN,5592,24,1,NCM,838,1001,11.4,5,3,4.2,9,9,9,9,NA,NA,NA,NA,NA,NA
1991-05-06 09:00:00,DCNN,5592,24,1,NCM,838,1001,10.2,3.9,1.7,2.5,9,9,9,9,NA,NA,NA,NA,NA,NA
1991-05-07 09:00:00,DCNN,5592,24,1,NCM,838,1001,9.1,5.3,2.8,5.1,9,9,9,9,NA,NA,NA,NA,NA,NA
1991-05-08 09:00:00,DCNN,5592,24,1,NCM,838,1001,12.5,5,0.2,4.6,9,9,9,9,NA,NA,NA,NA,NA,NA
1991-05-09 09:00:00,DCNN,5592,24,1,NCM,838,1001,13.2,-2.3,-7.4,-4.2,9,9,9,9,NA,NA,NA,NA,NA,NA
1991-05-10 09:00:00,DCNN,5592,24,1,NCM,838,1001,14.5,-1.2,-5.5,-2.6,9,9,9,9,NA,NA,NA,NA,NA,NA
1991-05-11 09:00:00,DCNN,5592,24,1,NCM,838,1001,16.2,4.4,-0.3,2.5,9,9,9,9,NA,NA,NA,NA,NA,NA
1991-05-12 09:00:00,DCNN,5592,24,1,NCM,838,1001,15,1.4,-3.1,-1,9,9,9,9,NA,NA,NA,NA,NA,NA
1991-05-13 09:00:00,DCNN,5592,24,1,NCM,838,1001,18.3,8.2,5.1,6.9,9,9,9,9,NA,NA,NA,NA,NA,NA
1991-05-14 09:00:00,DCNN,5592,24,1,NCM,838,1001,19.8,8,7,7.7,9,9,9,9,NA,NA,NA,NA,NA,NA
1991-05-15 09:00:00,DCNN,5592,24,1,NCM,838,1001,15.5,4,-1.5,1.9,9,9,9,9,NA,NA,NA,NA,NA,NA
1991-05-16 09:00:00,DCNN,5592,24,1,NCM,838,1001,14.8,7.6,7,7.1,9,9,9,9,NA,NA,NA,NA,NA,NA
1991-05-17 09:00:00,DCNN,5592,24,1,NCM,838,1001,11.6,7.1,4.5,6.5,9,9,9,9,NA,NA,NA,NA,NA,NA
1991-05-18 09:00:00,DCNN,5592,24,1,NCM,838,1001,10.7,7.9,7.9,8.1,9,9,9,9,NA,NA,NA,NA,NA,NA
1991-05-19 09:00:00,DCNN,5592,24,1,NCM,838,1001,13.5,8.4,5.5,6.6,9,9,9,9,NA,NA,NA,NA,NA,NA
1991-05-20 09:00:00,DCNN,5592,24,1,NCM,838,1001,17.5,10.4,6.5,7.9,9,9,9,9,NA,NA,NA,NA,NA,NA
1991-05-21 09:00:00,DCNN,5592,24,1,NCM,838,1001,20.9,9.6,5.2,7.1,9,9,9,9,NA,NA,NA,NA,NA,NA
1991-05-22 09:00:00,DCNN,5592,24,1,NCM,838,1001,24.1,8.7,4,6.8,9,9,9,9,NA,NA,NA,NA,NA,NA
1991-05-23 09:00:00,DCNN,5592,24,1,NCM,838,1001,20.5,6.8,2.5,4.9,9,9,9,9,NA,NA,NA,NA,NA,NA
1991-05-24 09:00:00,DCNN,5592,24,1,NCM,838,1001,18.1,6.7,2,5.8,9,9,9,9,NA,NA,NA,NA,NA,NA
1991-05-25 09:00:00,DCNN,5592,24,1,NCM,838,1001,18.9,7.3,3.3,6.1,9,9,9,9,NA,NA,NA,NA,NA,NA
1991-05-26 09:00:00,DCNN,5592,24,1,NCM,838,1001,20.8,11.7,7.6,11.8,9,9,9,9,NA,NA,NA,NA,NA,NA
1991-05-27 09:00:00,DCNN,5592,24,1,NCM,838,1001,16.2,6.2,0.5,4.4,9,9,9,9,NA,NA,NA,NA,NA,NA
1991-05-28 09:00:00,DCNN,5592,24,1,NCM,838,1001,19.9,9,6.9,8.1,9,9,9,9,NA,NA,NA,NA,NA,NA
1991-05-29 09:00:00,DCNN,5592,24,1,NCM,838,1001,11.8,8.1,7.8,8.1,9,9,9,9,NA,NA,NA,NA,NA,NA
1991-05-30 09:00:00,DCNN,5592,24,1,NCM,838,1001,15.1,8.6,8.6,9,9,9,9,9,NA,NA,NA,NA,NA,NA
1991-05-31 09:00:00,DCNN,5592,24,1,NCM,838,1001,15.1,7.5,6.6,8.1,9,9,9,9,NA,NA,NA,NA,NA,NA
1991-06-01 09:00:00,DCNN,5592,24,1,NCM,838,1001,12.9,7.7,6.9,8.7,9,9,9,9,NA,NA,NA,NA,NA,NA
1991-06-02 09:00:00,DCNN,5592,24,1,NCM,838,1001,13.2,-0.6,-5.6,-1.7,9,9,9,9,NA,NA,NA,NA,NA,NA
1991-06-03 09:00:00,DCNN,5592,24,1,NCM,838,1001,15,7,5.9,7,9,9,9,9,NA,NA,NA,NA,NA,NA
1991-06-04 09:00:00,DCNN,5592,24,1,NCM,838,1001,14.2,-0.1,-5.6,-1.9,9,9,9,9,NA,NA,NA,NA,NA,NA
1991-06-05 09:00:00,DCNN,5592,24,1,NCM,838,1001,15.3,1.9,-5,-0.4,9,9,9,9,NA,NA,NA,NA,NA,NA
1991-06-06 09:00:00,DCNN,5592,24,1,NCM,838,1001,14.7,9.1,8.9,9.4,9,9,9,9,NA,NA,NA,NA,NA,NA
1991-06-07 09:00:00,DCNN,5592,24,1,NCM,838,1001,17.5,10.6,8.6,10.4,9,9,9,9,NA,NA,NA,NA,NA,NA
1991-06-08 09:00:00,DCNN,5592,24,1,NCM,838,1001,15.6,9.8,9.4,10.1,9,9,9,9,NA,NA,NA,NA,NA,NA
1991-06-09 09:00:00,DCNN,5592,24,1,NCM,838,1001,15.3,10.8,9.3,10.1,9,9,9,9,NA,NA,NA,NA,NA,NA
1991-06-10 09:00:00,DCNN,5592,24,1,NCM,838,1001,17.7,10.9,8.8,9.1,9,9,9,9,NA,NA,NA,NA,NA,NA
1991-06-11 09:00:00,DCNN,5592,24,1,NCM,838,1001,16.9,6.9,1.4,3.7,9,9,9,9,NA,NA,NA,NA,NA,NA
1991-06-12 09:00:00,DCNN,5592,24,1,NCM,838,1001,15.1,11.6,11.7,11.7,9,9,9,9,NA,NA,NA,NA,NA,NA
1991-06-13 09:00:00,DCNN,5592,24,1,NCM,838,1001,18.5,10.1,8,8.4,9,9,9,9,NA,NA,NA,NA,NA,NA
1991-06-14 09:00:00,DCNN,5592,24,1,NCM,838,1001,17,8,4.2,6,9,9,9,9,NA,NA,NA,NA,NA,NA
1991-06-15 09:00:00,DCNN,5592,24,1,NCM,838,1001,17.5,8.7,8.5,9.2,9,9,9,9,NA,NA,NA,NA,NA,NA
1991-06-16 09:00:00,DCNN,5592,24,1,NCM,838,1001,15.2,7.8,5,6.8,9,9,9,9,NA,NA,NA,NA,NA,NA
1991-06-17 09:00:00,DCNN,5592,24,1,NCM,838,1001,15.1,8.6,7.6,8.2,9,9,9,9,NA,NA,NA,NA,NA,NA
1991-06-18 09:00:00,DCNN,5592,24,1,NCM,838,1001,15,5.9,1.9,4.5,9,9,9,9,NA,NA,NA,NA,NA,NA
1991-06-19 09:00:00,DCNN,5592,24,1,NCM,838,1001,13.9,8.3,7.7,8.3,9,9,9,9,NA,NA,NA,NA,NA,NA
1991-06-20 09:00:00,DCNN,5592,24,1,NCM,838,1001,16,9.9,7,8.6,9,9,9,9,NA,NA,NA,NA,NA,NA
1991-06-21 09:00:00,DCNN,5592,24,1,NCM,838,1001,18.3,10.6,8.4,9.7,9,9,9,9,NA,NA,NA,NA,NA,NA
1991-06-22 09:00:00,DCNN,5592,24,1,NCM,838,1001,20.7,11.5,8.8,9.7,9,9,9,9,NA,NA,NA,NA,NA,NA
1991-06-23 09:00:00,DCNN,5592,24,1,NCM,838,1001,17.7,10.4,7.3,8.7,9,9,9,9,NA,NA,NA,NA,NA,NA
1991-06-24 09:00:00,DCNN,5592,24,1,NCM,838,1001,14.6,11.4,11.5,11.5,9,9,9,9,NA,NA,NA,NA,NA,NA
1991-06-25 09:00:00,DCNN,5592,24,1,NCM,838,1001,15.9,12.5,13.7,13.8,9,109,109,9,NA,NA,NA,NA,NA,NA
1991-06-26 09:00:00,DCNN,5592,24,1,NCM,838,1001,17.4,10,7.1,8.4,9,9,9,9,NA,NA,NA,NA,NA,NA
1991-06-27 09:00:00,DCNN,5592,24,1,NCM,838,1001,16.7,8.4,8.1,8.5,9,9,9,9,NA,NA,NA,NA,NA,NA
1991-06-28 09:00:00,DCNN,5592,24,1,NCM,838,1001,19,9.2,5.5,8.5,9,9,9,9,NA,NA,NA,NA,NA,NA
1991-06-29 09:00:00,DCNN,5592,24,1,NCM,838,1001,19.8,5.4,0.8,3.7,9,9,9,9,NA,NA,NA,NA,NA,NA
1991-06-30 09:00:00,DCNN,5592,24,1,NCM,838,1001,19.8,12.2,10.5,12,9,9,9,9,NA,NA,NA,NA,NA,NA
1991-07-01 09:00:00,DCNN,5592,24,1,NCM,838,1001,20.2,13.6,10.5,12.4,9,9,9,9,NA,NA,NA,NA,NA,NA
1991-07-02 09:00:00,DCNN,5592,24,1,NCM,838,1001,20.3,9.5,4.7,8.6,9,9,9,9,NA,NA,NA,NA,NA,NA
1991-07-03 09:00:00,DCNN,5592,24,1,NCM,838,1001,20.1,14,14.6,15,9,9,9,9,NA,NA,NA,NA,NA,NA
1991-07-04 09:00:00,DCNN,5592,24,1,NCM,838,1001,23.7,13.1,9.6,12.5,9,9,9,9,NA,NA,NA,NA,NA,NA
1991-07-05 09:00:00,DCNN,5592,24,1,NCM,838,1001,27,16.5,14,15,9,9,9,9,NA,NA,NA,NA,NA,NA
1991-07-06 09:00:00,DCNN,5592,24,1,NCM,838,1001,25.7,16.5,16.5,16.6,9,9,9,9,NA,NA,NA,NA,NA,NA
1991-07-07 09:00:00,DCNN,5592,24,1,NCM,838,1001,23.1,11.8,6.8,10,9,9,9,9,NA,NA,NA,NA,NA,NA
1991-07-08 09:00:00,DCNN,5592,24,1,NCM,838,1001,24.7,15.2,13.2,14.4,9,9,9,9,NA,NA,NA,NA,NA,NA
1991-07-09 09:00:00,DCNN,5592,24,1,NCM,838,1001,18.5,13.1,11.6,12.8,9,9,9,9,NA,NA,NA,NA,NA,NA
1991-07-10 09:00:00,DCNN,5592,24,1,NCM,838,1001,21.7,8.8,5.1,8,9,9,9,9,NA,NA,NA,NA,NA,NA
1991-07-11 09:00:00,DCNN,5592,24,1,NCM,838,1001,24.3,16.9,12.9,14.9,9,9,9,9,NA,NA,NA,NA,NA,NA
1991-07-12 09:00:00,DCNN,5592,24,1,NCM,838,1001,25.5,12,9,10.4,9,9,9,9,NA,NA,NA,NA,NA,NA
1991-07-13 09:00:00,DCNN,5592,24,1,NCM,838,1001,19,14.1,12.5,13.6,9,9,9,9,NA,NA,NA,NA,NA,NA
1991-07-14 09:00:00,DCNN,5592,24,1,NCM,838,1001,18.2,12.6,9.1,11.1,9,9,9,9,NA,NA,NA,NA,NA,NA
1991-07-15 09:00:00,DCNN,5592,24,1,NCM,838,1001,22.1,13.3,11.8,13.6,9,9,9,9,NA,NA,NA,NA,NA,NA
1991-07-16 09:00:00,DCNN,5592,24,1,NCM,838,1001,20.1,12.3,10,11.9,9,9,9,9,NA,NA,NA,NA,NA,NA
1991-07-17 09:00:00,DCNN,5592,24,1,NCM,838,1001,20.4,8.9,3.9,6.5,9,9,9,9,NA,NA,NA,NA,NA,NA
1991-07-18 09:00:00,DCNN,5592,24,1,NCM,838,1001,19.9,12.6,11.2,12.6,9,9,9,9,NA,NA,NA,NA,NA,NA
1991-07-19 09:00:00,DCNN,5592,24,1,NCM,838,1001,23,13,12.6,13,9,9,9,9,NA,NA,NA,NA,NA,NA
1991-07-20 09:00:00,DCNN,5592,24,1,NCM,838,1001,19.4,11.1,6.6,10,9,9,9,9,NA,NA,NA,NA,NA,NA
1991-07-21 09:00:00,DCNN,5592,24,1,NCM,838,1001,22.3,12.8,9.7,12.9,9,9,9,9,NA,NA,NA,NA,NA,NA
1991-07-22 09:00:00,DCNN,5592,24,1,NCM,838,1001,20.7,9.6,5.7,8.7,9,9,9,9,NA,NA,NA,NA,NA,NA
1991-07-23 09:00:00,DCNN,5592,24,1,NCM,838,1001,23.1,14.6,10.5,14.2,9,9,9,9,NA,NA,NA,NA,NA,NA
1991-07-24 09:00:00,DCNN,5592,24,1,NCM,838,1001,25.5,12.9,11.9,12.5,9,9,9,9,NA,NA,NA,NA,NA,NA
1991-07-25 09:00:00,DCNN,5592,24,1,NCM,838,1001,17.6,12.6,12.5,12.7,9,9,9,9,NA,NA,NA,NA,NA,NA
1991-07-26 09:00:00,DCNN,5592,24,1,NCM,838,1001,20.6,12.1,9.1,12.1,9,9,9,9,NA,NA,NA,NA,NA,NA
1991-07-27 09:00:00,DCNN,5592,24,1,NCM,838,1001,23.2,11.7,8.7,10.1,9,9,9,9,NA,NA,NA,NA,NA,NA
1991-07-28 09:00:00,DCNN,5592,24,1,NCM,838,1001,23.4,12.2,8.5,11.2,9,9,9,9,NA,NA,NA,NA,NA,NA
1991-07-29 09:00:00,DCNN,5592,24,1,NCM,838,1001,24.5,15,11.9,13.4,9,9,9,9,NA,NA,NA,NA,NA,NA
1991-07-30 09:00:00,DCNN,5592,24,1,NCM,838,1001,27.7,16.4,14,15.5,9,9,9,9,NA,NA,NA,NA,NA,NA
1991-07-31 09:00:00,DCNN,5592,24,1,NCM,838,1001,17.6,13.1,12.6,13,9,9,9,9,NA,NA,NA,NA,NA,NA
1991-08-01 09:00:00,DCNN,5592,24,1,NCM,838,1001,22.1,9.6,7,8.8,9,9,9,9,NA,NA,NA,NA,NA,NA
1991-08-02 09:00:00,DCNN,5592,24,1,NCM,838,1001,23.4,11.6,9,10,9,9,9,9,NA,NA,NA,NA,NA,NA
1991-08-03 09:00:00,DCNN,5592,24,1,NCM,838,1001,22.8,15.2,13.6,15.4,9,9,9,9,NA,NA,NA,NA,NA,NA
1991-08-04 09:00:00,DCNN,5592,24,1,NCM,838,1001,22.4,12.1,8.6,10.7,9,9,9,9,NA,NA,NA,NA,NA,NA
1991-08-05 09:00:00,DCNN,5592,24,1,NCM,838,1001,23.9,14.2,13,13.5,9,9,9,9,NA,NA,NA,NA,NA,NA
1991-08-06 09:00:00,DCNN,5592,24,1,NCM,838,1001,21.5,16.2,15.3,16,9,9,9,9,NA,NA,NA,NA,NA,NA
1991-08-07 09:00:00,DCNN,5592,24,1,NCM,838,1001,20.7,15,12.2,13.8,9,9,9,9,NA,NA,NA,NA,NA,NA
1991-08-08 09:00:00,DCNN,5592,24,1,NCM,838,1001,19.5,13,11.8,12,9,9,9,9,NA,NA,NA,NA,NA,NA
1991-08-09 09:00:00,DCNN,5592,24,1,NCM,838,1001,22.5,9.6,6.3,7.1,9,9,9,9,NA,NA,NA,NA,NA,NA
1991-08-10 09:00:00,DCNN,5592,24,1,NCM,838,1001,24,17.4,15.6,17.2,9,9,9,9,NA,NA,NA,NA,NA,NA
1991-08-11 09:00:00,DCNN,5592,24,1,NCM,838,1001,25.5,16.7,14.5,16.6,9,9,9,9,NA,NA,NA,NA,NA,NA
1991-08-12 09:00:00,DCNN,5592,24,1,NCM,838,1001,21.2,12,6.7,8.8,9,9,9,9,NA,NA,NA,NA,NA,NA
1991-08-13 09:00:00,DCNN,5592,24,1,NCM,838,1001,22.4,13.1,10,12.3,9,9,9,9,NA,NA,NA,NA,NA,NA
1991-08-14 09:00:00,DCNN,5592,24,1,NCM,838,1001,22.9,15.2,13.5,15,9,9,9,9,NA,NA,NA,NA,NA,NA
1991-08-15 09:00:00,DCNN,5592,24,1,NCM,838,1001,24.4,12.9,9.8,10.7,9,9,9,9,NA,NA,NA,NA,NA,NA
1991-08-16 09:00:00,DCNN,5592,24,1,NCM,838,1001,23.6,13.8,10.7,12.4,9,9,9,9,NA,NA,NA,NA,NA,NA
1991-08-17 09:00:00,DCNN,5592,24,1,NCM,838,1001,22.9,13.3,10.9,12.4,9,9,9,9,NA,NA,NA,NA,NA,NA
1991-08-18 09:00:00,DCNN,5592,24,1,NCM,838,1001,22.4,6.7,2.9,4.3,9,9,9,9,NA,NA,NA,NA,NA,NA
1991-08-19 09:00:00,DCNN,5592,24,1,NCM,838,1001,20.3,6.2,4,4.8,9,9,9,9,NA,NA,NA,NA,NA,NA
1991-08-20 09:00:00,DCNN,5592,24,1,NCM,838,1001,23.8,14.1,10.8,12.5,9,9,9,9,NA,NA,NA,NA,NA,NA
1991-08-21 09:00:00,DCNN,5592,24,1,NCM,838,1001,24.9,13.1,9.3,11.4,9,9,9,9,NA,NA,NA,NA,NA,NA
1991-08-22 09:00:00,DCNN,5592,24,1,NCM,838,1001,26.5,16.8,14.6,14.9,9,9,9,9,NA,NA,NA,NA,NA,NA
1991-08-23 09:00:00,DCNN,5592,24,1,NCM,838,1001,22.9,12.2,10,10.2,9,9,9,9,NA,NA,NA,NA,NA,NA
1991-08-24 09:00:00,DCNN,5592,24,1,NCM,838,1001,16.8,11.7,8.7,9.1,9,9,9,9,NA,NA,NA,NA,NA,NA
1991-08-25 09:00:00,DCNN,5592,24,1,NCM,838,1001,22.1,8.7,5.9,7.3,9,9,9,9,NA,NA,NA,NA,NA,NA
1991-08-26 09:00:00,DCNN,5592,24,1,NCM,838,1001,23.6,10,6.7,8.1,9,9,9,9,NA,NA,NA,NA,NA,NA
1991-08-27 09:00:00,DCNN,5592,24,1,NCM,838,1001,25.2,10.2,6.9,8.5,9,9,9,9,NA,NA,NA,NA,NA,NA
1991-08-28 09:00:00,DCNN,5592,24,1,NCM,838,1001,25.2,11.5,7.1,9.9,9,9,9,9,NA,NA,NA,NA,NA,NA
1991-08-29 09:00:00,DCNN,5592,24,1,NCM,838,1001,23,9.2,3.7,6,9,9,9,9,NA,NA,NA,NA,NA,NA
1991-08-30 09:00:00,DCNN,5592,24,1,NCM,838,1001,22.7,8.9,2.6,6.3,9,9,9,9,NA,NA,NA,NA,NA,NA
1991-08-31 09:00:00,DCNN,5592,24,1,NCM,838,1001,24.3,12.6,7.5,10.1,9,9,9,9,NA,NA,NA,NA,NA,NA
1991-09-01 09:00:00,DCNN,5592,24,1,NCM,838,1001,26,8.9,4.6,6.9,9,9,9,9,NA,NA,NA,NA,NA,NA
1991-09-02 09:00:00,DCNN,5592,24,1,NCM,838,1001,27.1,14.2,11.6,13.2,9,9,9,9,NA,NA,NA,NA,NA,NA
1991-09-03 09:00:00,DCNN,5592,24,1,NCM,838,1001,24.7,11.8,7.2,9.5,9,9,9,9,NA,NA,NA,NA,NA,NA
1991-09-04 09:00:00,DCNN,5592,24,1,NCM,838,1001,24.6,9.6,4.7,7,9,9,9,9,NA,NA,NA,NA,NA,NA
1991-09-05 09:00:00,DCNN,5592,24,1,NCM,838,1001,26.4,13.2,7.7,11.9,9,9,9,9,NA,NA,NA,NA,NA,NA
1991-09-06 09:00:00,DCNN,5592,24,1,NCM,838,1001,23.6,14,10.2,12.7,9,9,9,9,NA,NA,NA,NA,NA,NA
1991-09-07 09:00:00,DCNN,5592,24,1,NCM,838,1001,19.9,3.2,-1.5,1.6,9,9,9,9,NA,NA,NA,NA,NA,NA
1991-09-08 09:00:00,DCNN,5592,24,1,NCM,838,1001,20.1,5.2,0.9,3.7,9,9,9,9,NA,NA,NA,NA,NA,NA
1991-09-09 09:00:00,DCNN,5592,24,1,NCM,838,1001,23.2,6.1,1.2,4.1,9,9,9,9,NA,NA,NA,NA,NA,NA
1991-09-10 09:00:00,DCNN,5592,24,1,NCM,838,1001,23,7.3,3.3,5.9,9,9,9,9,NA,NA,NA,NA,NA,NA
1991-09-11 09:00:00,DCNN,5592,24,1,NCM,838,1001,24.2,9.1,5.6,7.6,9,9,9,9,NA,NA,NA,NA,NA,NA
1991-09-12 09:00:00,DCNN,5592,24,1,NCM,838,1001,18.4,10.5,5.6,8.4,9,9,9,9,NA,NA,NA,NA,NA,NA
1991-09-13 09:00:00,DCNN,5592,24,1,NCM,838,1001,20.9,5.8,1.6,4,9,9,9,9,NA,NA,NA,NA,NA,NA
1991-09-14 09:00:00,DCNN,5592,24,1,NCM,838,1001,22.4,11.9,7.7,9.4,9,9,9,9,NA,NA,NA,NA,NA,NA
1991-09-15 09:00:00,DCNN,5592,24,1,NCM,838,1001,24.5,14,14.4,15.2,9,9,9,9,NA,NA,NA,NA,NA,NA
1991-09-16 09:00:00,DCNN,5592,24,1,NCM,838,1001,21.7,10.7,7.2,10.2,9,9,9,9,NA,NA,NA,NA,NA,NA
1991-09-17 09:00:00,DCNN,5592,24,1,NCM,838,1001,19.5,10.4,7,7.5,9,9,9,9,NA,NA,NA,NA,NA,NA
1991-09-18 09:00:00,DCNN,5592,24,1,NCM,838,1001,20.9,12.6,9,10.1,9,9,9,9,NA,NA,NA,NA,NA,NA
1991-09-19 09:00:00,DCNN,5592,24,1,NCM,838,1001,19.9,3.3,0.6,0.8,9,9,9,9,NA,NA,NA,NA,NA,NA
1991-09-20 09:00:00,DCNN,5592,24,1,NCM,838,1001,17.2,2.2,-0.9,0.2,9,9,9,9,NA,NA,NA,NA,NA,NA
1991-09-21 09:00:00,DCNN,5592,24,1,NCM,838,1001,19.3,4.6,1.1,3.1,9,9,9,9,NA,NA,NA,NA,NA,NA
1991-09-22 09:00:00,DCNN,5592,24,1,NCM,838,1001,23.1,10.5,9.2,9.6,9,9,9,9,NA,NA,NA,NA,NA,NA
1991-09-23 09:00:00,DCNN,5592,24,1,NCM,838,1001,17.8,10.9,8.2,8.8,9,9,9,9,NA,NA,NA,NA,NA,NA
1991-09-24 09:00:00,DCNN,5592,24,1,NCM,838,1001,19.1,14.5,13.2,13.8,9,9,9,9,NA,NA,NA,NA,NA,NA
1991-09-25 09:00:00,DCNN,5592,24,1,NCM,838,1001,17.4,11,8.5,9.5,9,9,9,9,NA,NA,NA,NA,NA,NA
1991-09-26 09:00:00,DCNN,5592,24,1,NCM,838,1001,18.7,6.4,3.4,4.6,9,9,9,9,NA,NA,NA,NA,NA,NA
1991-09-27 09:00:00,DCNN,5592,24,1,NCM,838,1001,16.8,8,5.2,7.2,9,9,9,9,NA,NA,NA,NA,NA,NA
1991-09-28 09:00:00,DCNN,5592,24,1,NCM,838,1001,12.1,6.2,1.2,3.2,9,9,9,9,NA,NA,NA,NA,NA,NA
1991-09-29 09:00:00,DCNN,5592,24,1,NCM,838,1001,14,11.2,11.3,11.5,9,9,9,9,NA,NA,NA,NA,NA,NA
1991-09-30 09:00:00,DCNN,5592,24,1,NCM,838,1001,15.3,5,0.5,2.1,9,9,9,9,NA,NA,NA,NA,NA,NA
1991-10-01 09:00:00,DCNN,5592,24,1,NCM,838,1001,14.3,9.9,7.5,9.7,9,9,9,9,NA,NA,NA,NA,NA,NA
1991-10-02 09:00:00,DCNN,5592,24,1,NCM,838,1001,16,7.7,2.9,4.4,9,9,9,9,NA,NA,NA,NA,NA,NA
1991-10-03 09:00:00,DCNN,5592,24,1,NCM,838,1001,16.8,11.3,9.8,11.2,9,9,9,9,NA,NA,NA,NA,NA,NA
1991-10-04 09:00:00,DCNN,5592,24,1,NCM,838,1001,16.6,4.7,-0.8,1.5,9,9,9,9,NA,NA,NA,NA,NA,NA
1991-10-05 09:00:00,DCNN,5592,24,1,NCM,838,1001,16.3,7.1,0.2,3.2,9,9,9,9,NA,NA,NA,NA,NA,NA
1991-10-06 09:00:00,DCNN,5592,24,1,NCM,838,1001,12.7,1.5,-2.2,-1.2,9,9,9,9,NA,NA,NA,NA,NA,NA
1991-10-07 09:00:00,DCNN,5592,24,1,NCM,838,1001,13.9,7.4,2.2,4.5,9,9,9,9,NA,NA,NA,NA,NA,NA
1991-10-08 09:00:00,DCNN,5592,24,1,NCM,838,1001,13.4,8.2,4.1,5,9,9,9,9,NA,NA,NA,NA,NA,NA
1991-10-09 09:00:00,DCNN,5592,24,1,NCM,838,1001,13.2,8.2,5.2,5.9,9,9,9,9,NA,NA,NA,NA,NA,NA
1991-10-10 09:00:00,DCNN,5592,24,1,NCM,838,1001,15.5,8.1,3.4,5.9,9,9,9,9,NA,NA,NA,NA,NA,NA
1991-10-11 09:00:00,DCNN,5592,24,1,NCM,838,1001,19.1,12.4,7.7,9.7,9,9,9,9,NA,NA,NA,NA,NA,NA
1991-10-12 09:00:00,DCNN,5592,24,1,NCM,838,1001,20,11.9,8.6,9.5,9,9,9,9,NA,NA,NA,NA,NA,NA
1991-10-13 09:00:00,DCNN,5592,24,1,NCM,838,1001,15.7,6.2,1.3,3.7,9,9,9,9,NA,NA,NA,NA,NA,NA
1991-10-14 09:00:00,DCNN,5592,24,1,NCM,838,1001,16.1,6.5,1.3,4.2,9,9,9,9,NA,NA,NA,NA,NA,NA
1991-10-15 09:00:00,DCNN,5592,24,1,NCM,838,1001,14.3,8.7,4,7.1,9,9,9,9,NA,NA,NA,NA,NA,NA
1991-10-16 09:00:00,DCNN,5592,24,1,NCM,838,1001,14.8,10,6.4,7.8,9,9,9,9,NA,NA,NA,NA,NA,NA
1991-10-17 09:00:00,DCNN,5592,24,1,NCM,838,1001,15.6,7.1,3.3,4.2,9,9,9,9,NA,NA,NA,NA,NA,NA
1991-10-18 09:00:00,DCNN,5592,24,1,NCM,838,1001,11,6.1,3,4,9,9,9,9,NA,NA,NA,NA,NA,NA
1991-10-19 09:00:00,DCNN,5592,24,1,NCM,838,1001,9.7,1.9,-2.8,-1.1,9,9,9,9,NA,NA,NA,NA,NA,NA
1991-10-20 09:00:00,DCNN,5592,24,1,NCM,838,1001,9.1,-0.6,-5.5,-2.6,9,9,9,9,NA,NA,NA,NA,NA,NA
1991-10-21 09:00:00,DCNN,5592,24,1,NCM,838,1001,9.2,-1,-6.3,-3.9,9,9,9,9,NA,NA,NA,NA,NA,NA
1991-10-22 09:00:00,DCNN,5592,24,1,NCM,838,1001,10.3,-0.6,-5.3,-3.3,9,9,9,9,NA,NA,NA,NA,NA,NA
1991-10-23 09:00:00,DCNN,5592,24,1,NCM,838,1001,10.8,-0.5,-4.9,-2.7,9,9,9,9,NA,NA,NA,NA,NA,NA
1991-10-24 09:00:00,DCNN,5592,24,1,NCM,838,1001,9.2,6.5,6.2,6.4,9,9,9,9,NA,NA,NA,NA,NA,NA
1991-10-25 09:00:00,DCNN,5592,24,1,NCM,838,1001,9.5,7.1,5.9,6.2,9,9,9,9,NA,NA,NA,NA,NA,NA
1991-10-26 09:00:00,DCNN,5592,24,1,NCM,838,1001,10.6,7.2,6.6,7.1,9,9,9,9,NA,NA,NA,NA,NA,NA
1991-10-27 09:00:00,DCNN,5592,24,1,NCM,838,1001,10.6,7.7,6.2,7.2,9,9,9,9,NA,NA,NA,NA,NA,NA
1991-10-28 09:00:00,DCNN,5592,24,1,NCM,838,1001,11.7,7.2,3.8,6,9,9,9,9,NA,NA,NA,NA,NA,NA
1991-10-29 09:00:00,DCNN,5592,24,1,NCM,838,1001,13.2,9.4,4.6,6.5,9,9,9,9,NA,NA,NA,NA,NA,NA
1991-10-30 09:00:00,DCNN,5592,24,1,NCM,838,1001,12.2,8.9,7.7,8.2,9,9,9,9,NA,NA,NA,NA,NA,NA
1991-10-31 09:00:00,DCNN,5592,24,1,NCM,838,1001,13.3,5.7,0.3,3.1,9,9,9,9,NA,NA,NA,NA,NA,NA
1991-11-01 09:00:00,DCNN,5592,24,1,NCM,838,1001,14.7,11.2,9.4,9.7,9,9,9,9,NA,NA,NA,NA,NA,NA
1991-11-02 09:00:00,DCNN,5592,24,1,NCM,838,1001,15.1,9.9,6.5,7.2,9,9,9,9,NA,NA,NA,NA,NA,NA
1991-11-03 09:00:00,DCNN,5592,24,1,NCM,838,1001,13.5,7.3,4.6,5.2,9,9,9,9,NA,NA,NA,NA,NA,NA
1991-11-04 09:00:00,DCNN,5592,24,1,NCM,838,1001,10.1,3.2,-0.2,1.7,9,9,9,9,NA,NA,NA,NA,NA,NA
1991-11-05 09:00:00,DCNN,5592,24,1,NCM,838,1001,9.1,2.7,-1,0,9,9,9,9,NA,NA,NA,NA,NA,NA
1991-11-06 09:00:00,DCNN,5592,24,1,NCM,838,1001,7.4,-2.1,-8.4,-5.6,9,9,9,9,NA,NA,NA,NA,NA,NA
1991-11-07 09:00:00,DCNN,5592,24,1,NCM,838,1001,12.2,2.5,NA,7.5,9,109,109,109,NA,NA,NA,NA,NA,NA
1991-11-08 09:00:00,DCNN,5592,24,1,NCM,838,1001,12.9,9.9,9.2,9.4,9,9,9,9,NA,NA,NA,NA,NA,NA
1991-11-09 09:00:00,DCNN,5592,24,1,NCM,838,1001,10.7,1.4,-4.2,-2.8,9,9,9,9,NA,NA,NA,NA,NA,NA
1991-11-10 09:00:00,DCNN,5592,24,1,NCM,838,1001,8.6,-1.6,-7.3,-5.5,9,9,9,9,NA,NA,NA,NA,NA,NA
1991-11-11 09:00:00,DCNN,5592,24,1,NCM,838,1001,10.8,2.4,NA,6.8,9,109,109,109,NA,NA,NA,NA,NA,NA
1991-11-12 09:00:00,DCNN,5592,24,1,NCM,838,1001,9.4,0,-5.7,-3.5,9,9,9,9,NA,NA,NA,NA,NA,NA
1991-11-13 09:00:00,DCNN,5592,24,1,NCM,838,1001,9.9,3.6,0,0.4,9,9,9,9,NA,NA,NA,NA,NA,NA
1991-11-14 09:00:00,DCNN,5592,24,1,NCM,838,1001,8.2,1.3,-3.2,-2.3,9,9,9,9,NA,NA,NA,NA,NA,NA
1991-11-15 09:00:00,DCNN,5592,24,1,NCM,838,1001,7.4,-0.6,-7.4,-5.6,9,9,9,9,NA,NA,NA,NA,NA,NA
1991-11-16 09:00:00,DCNN,5592,24,1,NCM,838,1001,8.8,-1,-3.1,-3,9,9,9,9,NA,NA,NA,NA,NA,NA
1991-11-17 09:00:00,DCNN,5592,24,1,NCM,838,1001,6.5,-1.5,-5.3,-3.8,9,9,9,9,NA,NA,NA,NA,NA,NA
1991-11-18 09:00:00,DCNN,5592,24,1,NCM,838,1001,8.4,3.1,3.3,3.3,9,9,9,9,NA,NA,NA,NA,NA,NA
1991-11-19 09:00:00,DCNN,5592,24,1,NCM,838,1001,12,3.5,3.6,4,9,9,9,9,NA,NA,NA,NA,NA,NA
1991-11-20 09:00:00,DCNN,5592,24,1,NCM,838,1001,7.9,2.7,-0.2,-0.3,9,9,9,9,NA,NA,NA,NA,NA,NA
1991-11-21 09:00:00,DCNN,5592,24,1,NCM,838,1001,6.8,-3.7,-8.8,-7.4,9,9,9,9,NA,NA,NA,NA,NA,NA
1991-11-22 09:00:00,DCNN,5592,24,1,NCM,838,1001,7.3,-2.4,NA,3.4,9,109,109,109,NA,NA,NA,NA,NA,NA
1991-11-23 09:00:00,DCNN,5592,24,1,NCM,838,1001,8.7,5.4,0.7,2.6,9,9,9,9,NA,NA,NA,NA,NA,NA
1991-11-24 09:00:00,DCNN,5592,24,1,NCM,838,1001,9.6,3.8,-1.9,-0.3,9,9,9,9,NA,NA,NA,NA,NA,NA
1991-11-25 09:00:00,DCNN,5592,24,1,NCM,838,1001,10.3,4.9,3.6,4.4,9,9,9,9,NA,NA,NA,NA,NA,NA
1991-11-26 09:00:00,DCNN,5592,24,1,NCM,838,1001,10.2,5.7,5.7,6.9,9,9,9,9,NA,NA,NA,NA,NA,NA
1991-11-27 09:00:00,DCNN,5592,24,1,NCM,838,1001,12.2,8.4,4.7,6.4,9,9,9,9,NA,NA,NA,NA,NA,NA
1991-11-28 09:00:00,DCNN,5592,24,1,NCM,838,1001,11.1,8.5,7.8,8.5,9,9,9,9,NA,NA,NA,NA,NA,NA
1991-11-29 09:00:00,DCNN,5592,24,1,NCM,838,1001,11.1,9.1,7.2,8.3,9,9,9,9,NA,NA,NA,NA,NA,NA
1991-11-30 09:00:00,DCNN,5592,24,1,NCM,838,1001,12.7,5.8,-0.6,1.6,9,9,9,9,NA,NA,NA,NA,NA,NA
1991-12-01 09:00:00,DCNN,5592,24,1,NCM,838,1001,8.4,7.1,7.1,7.2,9,9,9,9,NA,NA,NA,NA,NA,NA
1991-12-01 09:00:00,DCNN,5591,12,1,NCM,838,1001,8.4,7.8,NA,NA,9,9,0,0,NA,NA,NA,NA,NA,NA
1991-12-01 21:00:00,DCNN,5591,12,1,NCM,838,1001,9.6,7.4,NA,NA,9,9,NA,NA,NA,NA,NA,NA,NA,NA
1991-12-02 09:00:00,DCNN,5592,24,1,NCM,838,1001,9.5,6,5.2,5.5,9,9,9,9,NA,NA,NA,NA,NA,NA
1991-12-02 09:00:00,DCNN,5591,12,1,NCM,838,1001,7.4,6.2,NA,NA,9,9,0,0,NA,NA,NA,NA,NA,NA
1991-12-02 21:00:00,DCNN,5591,12,1,NCM,838,1001,8.3,6.9,NA,NA,9,9,NA,NA,NA,NA,NA,NA,NA,NA
1991-12-03 09:00:00,DCNN,5591,12,1,NCM,838,1001,7.6,7,NA,NA,9,9,0,0,NA,NA,NA,NA,NA,NA
1991-12-03 09:00:00,DCNN,5592,24,1,NCM,838,1001,8.1,6.4,5.9,6,9,9,9,9,NA,NA,NA,NA,NA,NA
1991-12-03 21:00:00,DCNN,5591,12,1,NCM,838,1001,7.4,6.5,NA,NA,9,9,NA,NA,NA,NA,NA,NA,NA,NA
1991-12-04 09:00:00,DCNN,5591,12,1,NCM,838,1001,6.6,4.6,NA,NA,9,9,0,0,NA,NA,NA,NA,NA,NA
1991-12-04 09:00:00,DCNN,5592,24,1,NCM,838,1001,7.1,4.4,3.9,4.1,9,9,9,9,NA,NA,NA,NA,NA,NA
1991-12-04 21:00:00,DCNN,5591,12,1,NCM,838,1001,6.6,4.8,NA,NA,9,9,NA,NA,NA,NA,NA,NA,NA,NA
1991-12-05 09:00:00,DCNN,5592,24,1,NCM,838,1001,6.7,4.5,4.3,4.6,9,9,9,9,NA,NA,NA,NA,NA,NA
1991-12-05 09:00:00,DCNN,5591,12,1,NCM,838,1001,6.8,5.6,NA,NA,9,9,0,0,NA,NA,NA,NA,NA,NA
1991-12-05 21:00:00,DCNN,5591,12,1,NCM,838,1001,7.4,4.7,NA,NA,9,9,NA,NA,NA,NA,NA,NA,NA,NA
1991-12-06 09:00:00,DCNN,5591,12,1,NCM,838,1001,4.7,-2.8,NA,NA,9,9,0,0,NA,NA,NA,NA,NA,NA
1991-12-06 09:00:00,DCNN,5592,24,1,NCM,838,1001,7.2,-3.4,-8.6,-7.1,9,9,9,9,NA,NA,NA,NA,NA,NA
1991-12-06 21:00:00,DCNN,5591,12,1,NCM,838,1001,6.5,-0.5,NA,NA,9,9,NA,NA,NA,NA,NA,NA,NA,NA
1991-12-07 09:00:00,DCNN,5591,12,1,NCM,838,1001,0.9,-3.6,NA,NA,9,9,0,0,NA,NA,NA,NA,NA,NA
1991-12-07 09:00:00,DCNN,5592,24,1,NCM,838,1001,6,-3.8,-9,-7.9,9,9,9,9,NA,NA,NA,NA,NA,NA
1991-12-07 21:00:00,DCNN,5591,12,1,NCM,838,1001,6.1,-2.8,NA,NA,9,9,NA,NA,NA,NA,NA,NA,NA,NA
1991-12-08 09:00:00,DCNN,5592,24,1,NCM,838,1001,6,-5.1,-8.8,-8,9,9,9,9,NA,NA,NA,NA,NA,NA
1991-12-08 09:00:00,DCNN,5591,12,1,NCM,838,1001,-1.1,-4.9,NA,NA,9,9,0,0,NA,NA,NA,NA,NA,NA
1991-12-08 21:00:00,DCNN,5591,12,1,NCM,838,1001,5.6,-3.7,NA,NA,9,9,NA,NA,NA,NA,NA,NA,NA,NA
1991-12-09 09:00:00,DCNN,5592,24,1,NCM,838,1001,5.3,-5.5,-10.2,-8.9,9,9,9,9,NA,NA,NA,NA,NA,NA
1991-12-09 09:00:00,DCNN,5591,12,1,NCM,838,1001,-0.6,-4.9,NA,NA,9,9,0,0,NA,NA,NA,NA,NA,NA
1991-12-09 21:00:00,DCNN,5591,12,1,NCM,838,1001,5,-1.5,NA,NA,9,9,NA,NA,NA,NA,NA,NA,NA,NA
1991-12-10 09:00:00,DCNN,5591,12,1,NCM,838,1001,0,-4,NA,NA,9,9,0,0,NA,NA,NA,NA,NA,NA
1991-12-10 09:00:00,DCNN,5592,24,1,NCM,838,1001,4.7,-4.7,-10,-9.2,9,9,9,9,NA,NA,NA,NA,NA,NA
1991-12-10 21:00:00,DCNN,5591,12,1,NCM,838,1001,2.8,-5.1,NA,NA,9,9,NA,NA,NA,NA,NA,NA,NA,NA
1991-12-11 09:00:00,DCNN,5592,24,1,NCM,838,1001,2.7,-6.6,-12,-11.2,9,9,9,9,NA,NA,NA,NA,NA,NA
1991-12-11 09:00:00,DCNN,5591,12,1,NCM,838,1001,-4.1,-6.3,NA,NA,9,9,0,0,NA,NA,NA,NA,NA,NA
1991-12-11 21:00:00,DCNN,5591,12,1,NCM,838,1001,0.6,-8.3,NA,NA,9,9,NA,NA,NA,NA,NA,NA,NA,NA
1991-12-12 09:00:00,DCNN,5592,24,1,NCM,838,1001,0.3,-10.8,-14.7,-12.7,9,9,9,9,NA,NA,NA,NA,NA,NA
1991-12-12 09:00:00,DCNN,5591,12,1,NCM,838,1001,-7.5,-10.5,NA,NA,9,9,0,0,NA,NA,NA,NA,NA,NA
1991-12-12 21:00:00,DCNN,5591,12,1,NCM,838,1001,0.2,-9,NA,NA,9,9,NA,NA,NA,NA,NA,NA,NA,NA
1991-12-13 09:00:00,DCNN,5592,24,1,NCM,838,1001,-0.2,-9.6,-12.6,-11.1,9,9,9,9,NA,NA,NA,NA,NA,NA
1991-12-13 09:00:00,DCNN,5591,12,1,NCM,838,1001,-2.1,-9.1,NA,NA,9,9,0,0,NA,NA,NA,NA,NA,NA
1991-12-13 21:00:00,DCNN,5591,12,1,NCM,838,1001,7.5,-2.5,NA,NA,9,9,NA,NA,NA,NA,NA,NA,NA,NA
1991-12-14 09:00:00,DCNN,5591,12,1,NCM,838,1001,-2.5,-6.4,NA,NA,9,9,0,0,NA,NA,NA,NA,NA,NA
1991-12-14 09:00:00,DCNN,5592,24,1,NCM,838,1001,7.5,-6.3,-9.2,-8.1,9,9,9,9,NA,NA,NA,NA,NA,NA
1991-12-14 21:00:00,DCNN,5591,12,1,NCM,838,1001,-1.2,-6,NA,NA,9,9,NA,NA,NA,NA,NA,NA,NA,NA
1991-12-15 09:00:00,DCNN,5591,12,1,NCM,838,1001,2,-6.7,NA,NA,9,9,0,0,NA,NA,NA,NA,NA,NA
1991-12-15 09:00:00,DCNN,5592,24,1,NCM,838,1001,1.9,-7.1,-10.8,-9.4,9,9,9,9,NA,NA,NA,NA,NA,NA
1991-12-15 21:00:00,DCNN,5591,12,1,NCM,838,1001,6.1,-6.4,NA,NA,9,9,NA,NA,NA,NA,NA,NA,NA,NA
1991-12-16 09:00:00,DCNN,5591,12,1,NCM,838,1001,7.2,3.3,NA,NA,9,9,0,0,NA,NA,NA,NA,NA,NA
1991-12-16 09:00:00,DCNN,5592,24,1,NCM,838,1001,7,-6.7,NA,-1.5,9,109,109,109,NA,NA,NA,NA,NA,NA
1991-12-16 21:00:00,DCNN,5591,12,1,NCM,838,1001,8.3,2.9,NA,NA,9,9,NA,NA,NA,NA,NA,NA,NA,NA
1991-12-17 09:00:00,DCNN,5591,12,1,NCM,838,1001,10.3,7.7,NA,NA,9,9,0,0,NA,NA,NA,NA,NA,NA
1991-12-17 09:00:00,DCNN,5592,24,1,NCM,838,1001,10.2,2.5,4.7,5,9,109,109,109,NA,NA,NA,NA,NA,NA
1991-12-17 21:00:00,DCNN,5591,12,1,NCM,838,1001,10.7,8.7,NA,NA,9,9,NA,NA,NA,NA,NA,NA,NA,NA
1991-12-18 09:00:00,DCNN,5592,24,1,NCM,838,1001,11.2,4.7,0.1,0.8,9,9,9,9,NA,NA,NA,NA,NA,NA
1991-12-18 09:00:00,DCNN,5591,12,1,NCM,838,1001,10.7,4.8,NA,NA,9,9,0,0,NA,NA,NA,NA,NA,NA
1991-12-18 21:00:00,DCNN,5591,12,1,NCM,838,1001,8.6,5.5,NA,NA,9,9,NA,NA,NA,NA,NA,NA,NA,NA
1991-12-19 09:00:00,DCNN,5592,24,1,NCM,838,1001,11.8,5.2,5.1,5.5,9,9,9,9,NA,NA,NA,NA,NA,NA
1991-12-19 09:00:00,DCNN,5591,12,1,NCM,838,1001,12,7.2,NA,NA,9,9,0,0,NA,NA,NA,NA,NA,NA
1991-12-19 21:00:00,DCNN,5591,12,1,NCM,838,1001,12.6,5.6,NA,NA,9,9,NA,NA,NA,NA,NA,NA,NA,NA
1991-12-20 09:00:00,DCNN,5591,12,1,NCM,838,1001,5.6,3.1,NA,NA,9,9,0,0,NA,NA,NA,NA,NA,NA
1991-12-20 09:00:00,DCNN,5592,24,1,NCM,838,1001,12.5,3,-1.2,-0.3,9,9,9,9,NA,NA,NA,NA,NA,NA
1991-12-20 21:00:00,DCNN,5591,12,1,NCM,838,1001,6.4,3.6,NA,NA,9,9,NA,NA,NA,NA,NA,NA,NA,NA
1991-12-21 09:00:00,DCNN,5592,24,1,NCM,838,1001,10.7,3.2,-0.8,0.8,9,9,9,9,NA,NA,NA,NA,NA,NA
1991-12-22 09:00:00,DCNN,5592,24,1,NCM,838,1001,13,9.3,10.7,11.1,9,109,109,9,NA,NA,NA,NA,NA,NA
1991-12-22 09:00:00,DCNN,5591,12,1,NCM,838,1001,13,12.3,NA,NA,9,9,0,0,NA,NA,NA,NA,NA,NA
1991-12-22 21:00:00,DCNN,5591,12,1,NCM,838,1001,13.1,12.1,NA,NA,9,9,NA,NA,NA,NA,NA,NA,NA,NA
1991-12-23 09:00:00,DCNN,5591,12,1,NCM,838,1001,12.5,11.4,NA,NA,9,9,0,0,NA,NA,NA,NA,NA,NA
1991-12-23 09:00:00,DCNN,5592,24,1,NCM,838,1001,12.9,11,9.1,9.7,9,9,9,9,NA,NA,NA,NA,NA,NA
1991-12-23 21:00:00,DCNN,5591,12,1,NCM,838,1001,13,4.9,NA,NA,9,9,NA,NA,NA,NA,NA,NA,NA,NA
1991-12-24 09:00:00,DCNN,5591,12,1,NCM,838,1001,5,1.8,NA,NA,9,9,0,0,NA,NA,NA,NA,NA,NA
1991-12-24 09:00:00,DCNN,5592,24,1,NCM,838,1001,12.8,1.7,-5.2,-3.4,9,9,9,9,NA,NA,NA,NA,NA,NA
1991-12-24 21:00:00,DCNN,5591,12,1,NCM,838,1001,7.3,0.7,NA,NA,9,9,NA,NA,NA,NA,NA,NA,NA,NA
1991-12-25 09:00:00,DCNN,5592,24,1,NCM,838,1001,7,-2.2,-6.4,-5.2,9,9,9,9,NA,NA,NA,NA,NA,NA
1991-12-25 09:00:00,DCNN,5591,12,1,NCM,838,1001,3.9,-1.4,NA,NA,9,9,0,0,NA,NA,NA,NA,NA,NA
1991-12-25 21:00:00,DCNN,5591,12,1,NCM,838,1001,6.2,0,NA,NA,9,9,NA,NA,NA,NA,NA,NA,NA,NA
1991-12-26 09:00:00,DCNN,5591,12,1,NCM,838,1001,9,5.6,NA,NA,9,9,0,0,NA,NA,NA,NA,NA,NA
1991-12-26 09:00:00,DCNN,5592,24,1,NCM,838,1001,8.7,-1.2,-0.8,1.3,9,9,9,109,NA,NA,NA,NA,NA,NA
1991-12-26 21:00:00,DCNN,5591,12,1,NCM,838,1001,11,5.4,NA,NA,9,9,NA,NA,NA,NA,NA,NA,NA,NA
1991-12-27 09:00:00,DCNN,5591,12,1,NCM,838,1001,7.5,0.2,NA,NA,9,9,0,0,NA,NA,NA,NA,NA,NA
1991-12-27 09:00:00,DCNN,5592,24,1,NCM,838,1001,10.8,-0.7,-5.8,-4.6,9,9,9,9,NA,NA,NA,NA,NA,NA
1991-12-27 21:00:00,DCNN,5591,12,1,NCM,838,1001,8.6,0.6,NA,NA,9,9,NA,NA,NA,NA,NA,NA,NA,NA
1991-12-28 09:00:00,DCNN,5592,24,1,NCM,838,1001,7.9,0.1,-4.8,-3.4,9,9,9,9,NA,NA,NA,NA,NA,NA
1991-12-28 09:00:00,DCNN,5591,12,1,NCM,838,1001,3.8,0.9,NA,NA,9,9,0,0,NA,NA,NA,NA,NA,NA
1991-12-28 21:00:00,DCNN,5591,12,1,NCM,838,1001,6.4,2.6,NA,NA,9,9,NA,NA,NA,NA,NA,NA,NA,NA
1991-12-29 09:00:00,DCNN,5591,12,1,NCM,838,1001,6.3,1.7,NA,NA,9,9,0,0,NA,NA,NA,NA,NA,NA
1991-12-29 09:00:00,DCNN,5592,24,1,NCM,838,1001,6.2,1.8,-3.6,-2.2,9,9,9,9,NA,NA,NA,NA,NA,NA
1991-12-29 21:00:00,DCNN,5591,12,1,NCM,838,1001,7.8,5.7,NA,NA,9,9,NA,NA,NA,NA,NA,NA,NA,NA
1991-12-30 09:00:00,DCNN,5591,12,1,NCM,838,1001,5.9,4.9,NA,NA,9,9,0,0,NA,NA,NA,NA,NA,NA
1991-12-30 09:00:00,DCNN,5592,24,1,NCM,838,1001,7.7,4.7,3.7,3.9,9,9,9,9,NA,NA,NA,NA,NA,NA
1991-12-30 21:00:00,DCNN,5591,12,1,NCM,838,1001,7.3,5.1,NA,NA,9,9,NA,NA,NA,NA,NA,NA,NA,NA
1991-12-31 09:00:00,DCNN,5591,12,1,NCM,838,1001,5.9,4.7,NA,NA,9,9,0,0,NA,NA,NA,NA,NA,NA
1991-12-31 09:00:00,DCNN,5592,24,1,NCM,838,1001,7.2,4.3,4,4,9,9,9,9,NA,NA,NA,NA,NA,NA
1991-12-31 21:00:00,DCNN,5591,12,1,NCM,838,1001,7.2,5.1,NA,NA,9,9,NA,NA,NA,NA,NA,NA,NA,NA
end data
